payment_date,ticker,net_amount,account_id,note
2025-06-02,QQQT,3.21,ME_FID_TRA_IRA,monthly dividend
2025-06-03,JEPI,1.17,ME_FID_TRA_IRA,monthly dividend
2025-06-05,GPIQ,1.56,ME_FID_TRA_IRA,monthly dividend
2025-06-05,IQQQ,0.73,ME_FID_TRA_IRA,monthly dividend
2025-06-18,QQQI,1.97,ME_FID_TRA_IRA,monthly dividend
2025-06-25,QYLD,1.85,ME_FID_TRA_IRA,monthly dividend
2025-06-26,SPHD,0.63,ME_FID_TRA_IRA,monthly dividend
2025-06-30,TQQQ,0.17,ME_FID_TRA_IRA,monthly dividend
2025-07-02,QQQT,6.23,ME_FID_TRA_IRA,monthly dividend
2025-07-06,GPIQ,3.11,ME_FID_TRA_IRA,monthly dividend
2025-07-06,IQQQ,2.76,ME_FID_TRA_IRA,monthly dividend
2025-07-06,JEPI,2.32,ME_FID_TRA_IRA,monthly dividend
2025-07-23,QYLD,3.55,ME_FID_TRA_IRA,monthly dividend
2025-07-24,SPHD,1.5,ME_FID_TRA_IRA,monthly dividend
2025-07-24,QQQI,3.81,ME_FID_TRA_IRA,monthly dividend
2025-08-04,QQQT,5.82,ME_FID_TRA_IRA,monthly dividend
2025-08-05,JEPI,2.2,ME_FID_TRA_IRA,monthly dividend
2025-08-07,GPIQ,2.92,ME_FID_TRA_IRA,monthly dividend
2025-08-07,IQQQ,1.43,ME_FID_TRA_IRA,monthly dividend
2025-08-21,QQQI,9.78,ME_FID_TRA_IRA,monthly dividend
2025-08-27,QYLD,7.32,ME_FID_TRA_IRA,monthly dividend
2025-08-28,SPHD,2.86,ME_FID_TRA_IRA,monthly dividend
2025-09-02,QQQT,18.91,ME_FID_TRA_IRA,monthly dividend
2025-09-03,JEPI,6.69,ME_FID_TRA_IRA,monthly dividend
2025-09-08,GPIQ,8.94,ME_FID_TRA_IRA,monthly dividend
2025-09-08,IQQQ,4.13,ME_FID_TRA_IRA,monthly dividend
2025-09-18,QQQI,15.21,ME_FID_TRA_IRA,monthly dividend
2025-09-18,QQQI,17.75,WIFE_FID_TRA_IRA,monthly dividend
2025-09-24,QYLD,10.6,ME_FID_TRA_IRA,monthly dividend
2025-09-24,QYLD,10.6,WIFE_FID_TRA_IRA,monthly dividend
2025-09-25,SPHD,3.83,ME_FID_TRA_IRA,monthly dividend
2025-09-25,SPHD,3.63,WIFE_FID_TRA_IRA,monthly dividend
